{"atom_number":1000000,"cooling_beam_detuning":-31.706150554436391,"cooling_beam_radius":11.667261889578034,"microchannel_length":4,"microchannel_radius":0.2,"oven_velocity_cap":230,"push_beam_detuning":-34.98283178182902,"push_beam_offset":0,"push_beam_power":15.37233633717006,"push_beam_radius":5.9693816617181854,"quadrupole_gradient":30.437793939934291}